﻿{"cameraMode":{"drawMode":0,"name":"Shaded","section":"Shading Mode"},"sceneLighting":true,"audioPlay":false,"sceneViewState":{"m_AlwaysRefresh":false,"showFog":true,"showSkybox":true,"showFlares":true,"showImageEffects":true,"showParticleSystems":true,"showVisualEffectGraphs":true,"m_FxEnabled":true},"in2DMode":false,"pivot":{"x":7.741281509399414,"y":-5.139742851257324,"z":-14.054783821105957},"rotation":{"x":0.1138121709227562,"y":0.879874050617218,"z":-0.26526060700416567,"w":0.3775157928466797},"size":12.12435531616211,"orthographic":false}