﻿{"cameraMode":{"drawMode":0,"name":"Shaded","section":"Shading Mode"},"sceneLighting":false,"audioPlay":false,"sceneViewState":{"m_AlwaysRefresh":false,"showFog":true,"showSkybox":false,"showFlares":true,"showImageEffects":true,"showParticleSystems":true,"showVisualEffectGraphs":true,"m_FxEnabled":true},"in2DMode":false,"pivot":{"x":28.133424758911134,"y":-4.484947681427002,"z":-19.707792282104493},"rotation":{"x":-0.04289652407169342,"y":-0.8800731301307678,"z":0.08102653920650482,"w":-0.465914785861969},"size":19.7497501373291,"orthographic":false}